Source URL,Metric,Value,Region,Date
https://careminds.io/latam-developer-rates-2025-trends/,LATAM Developer Hourly Rate Range (Overall),"$31-$85/hour",LATAM,2025-03-20
https://careminds.io/latam-developer-rates-2025-trends/,Brazil Developer Hourly Rate Range,"$45-$75/hour",Brazil,2025-03-20
https://careminds.io/latam-developer-rates-2025-trends/,Mexico Developer Hourly Rate Range,"$35-$70/hour",Mexico,2025-03-20
https://careminds.io/latam-developer-rates-2025-trends/,Argentina Developer Hourly Rate Range,"$40-$80/hour",Argentina,2025-03-20
https://careminds.io/latam-developer-rates-2025-trends/,Colombia Developer Hourly Rate Range,"$35-$65/hour",Colombia,2025-03-20
https://careminds.io/latam-developer-rates-2025-trends/,Junior Developer Hourly Rate (1-2 years),"$31-$45/hour",LATAM,2025-03-20
https://careminds.io/latam-developer-rates-2025-trends/,Mid-Level Developer Hourly Rate (3-5 years),"$46-$65/hour",LATAM,2025-03-20
https://careminds.io/latam-developer-rates-2025-trends/,Senior Developer Hourly Rate (6+ years),"$66-$85/hour",LATAM,2025-03-20
https://careminds.io/latam-developer-rates-2025-trends/,AI/ML Development Rate Premium,+25–40% above base rate,LATAM,2025-03-20
https://careminds.io/latam-developer-rates-2025-trends/,Cloud Architecture Rate Premium,+20–35% above base rate,LATAM,2025-03-20
https://careminds.io/latam-developer-rates-2025-trends/,Cybersecurity Rate Premium,+30–45% above base rate,LATAM,2025-03-20
https://www.teilurtalent.com/insights/latam-developer-salary-report-2026,Salary Increase (2021-2022 Venture Boom),+30–40%,LATAM,2022-12-31
https://www.teilurtalent.com/insights/latam-developer-salary-report-2026,Salary Increase in Specialized Roles (2025-2026),+15%,LATAM,2026-03-25
https://www.teilurtalent.com/insights/latam-developer-salary-report-2026,English Proficiency Salary Premium,+20–30% above baseline,LATAM,2026-03-25
https://www.teilurtalent.com/insights/latam-developer-salary-report-2026,Brazil Mid-Level Developer Monthly Salary,"$4,500-$6,000",Brazil,2026-03-25
https://www.teilurtalent.com/insights/latam-developer-salary-report-2026,Brazil Senior Developer Monthly Salary,"$7,500-$10,500",Brazil,2026-03-25
https://www.teilurtalent.com/insights/latam-developer-salary-report-2026,Brazil Specialized Developer Monthly Salary,"$11,500+",Brazil,2026-03-25
https://www.teilurtalent.com/insights/latam-developer-salary-report-2026,Mexico Mid-Level Developer Monthly Salary,"$4,800-$6,500",Mexico,2026-03-25
https://www.teilurtalent.com/insights/latam-developer-salary-report-2026,Mexico Senior Developer Monthly Salary,"$8,000-$11,000",Mexico,2026-03-25
https://www.teilurtalent.com/insights/latam-developer-salary-report-2026,Mexico Specialized Developer Monthly Salary,"$12,000+",Mexico,2026-03-25
https://www.teilurtalent.com/insights/latam-developer-salary-report-2026,Colombia Mid-Level Developer Monthly Salary,"$4,000-$5,500",Colombia,2026-03-25
https://www.teilurtalent.com/insights/latam-developer-salary-report-2026,Colombia Senior Developer Monthly Salary,"$7,000-$9,500",Colombia,2026-03-25
https://www.teilurtalent.com/insights/latam-developer-salary-report-2026,Colombia Specialized Developer Monthly Salary,"$10,500+",Colombia,2026-03-25
https://www.teilurtalent.com/insights/latam-developer-salary-report-2026,Argentina Mid-Level Developer Monthly Salary,"$3,800-$5,200",Argentina,2026-03-25
https://www.teilurtalent.com/insights/latam-developer-salary-report-2026,Argentina Senior Developer Monthly Salary,"$6,500-$9,000",Argentina,2026-03-25
https://www.teilurtalent.com/insights/latam-developer-salary-report-2026,Argentina Specialized Developer Monthly Salary,"$10,000+",Argentina,2026-03-25
https://ncube.com/how-to-hire-on-demand-developers-for-your-it-projects,IT Professional Demand Growth (by 2028),21%,USA/Global,2026-03-05
https://ncube.com/how-to-hire-on-demand-developers-for-your-it-projects,LATAM Skilled Software Developers Pool,2000000+ developers,LATAM,2026-03-05
https://www.howdy.com/blog/latam-software-engineer-cost-benchmarks-2026,LATAM Developer Demand Increase (Year-over-Year),+250% (2024 to 2025),LATAM,2025-12-31
https://www.devlane.com/blog/the-tech-talent-race-in-south-america-whos-leading-in-2025,Cloud-Native & AI Development Demand,Rising Trend,LATAM,2025-07-16
https://www.nextmsc.com/report/latin-america-data-center-market,LATAM Data Center Market Size 2024,USD 16.94 billion,LATAM,2024-12-31
https://www.nextmsc.com/report/latin-america-data-center-market,LATAM Data Center Market Projection 2025,USD 19.83 billion,LATAM,2025-12-31
